INSERT INTO Types (Type, Kind)
VALUES	('LEADER_GENSHIN_FISCHL',						'KIND_LEADER'	),
		('LEADER_GENSHIN_BARBARA',						'KIND_LEADER'	),
		('LEADER_GENSHIN_NOELLE',						'KIND_LEADER'	),
		('TRAIT_LEADER_GENSHIN_FISCHL',					'KIND_TRAIT'	),
		('TRAIT_LEADER_GENSHIN_BARBARA',				'KIND_TRAIT'	),
		('TRAIT_LEADER_GENSHIN_NOELLE',					'KIND_TRAIT'	),
		('TRAIT_AGENDA_LEADER_GENSHIN_FISCHL',			'KIND_TRAIT'	),
		('TRAIT_AGENDA_LEADER_GENSHIN_BARBARA',			'KIND_TRAIT'	),
		('TRAIT_AGENDA_LEADER_GENSHIN_NOELLE',			'KIND_TRAIT'	),
		('MODIFIER_NOELLE_UNITS_ADJUST_SUPPORT_BONUS',	'KIND_MODIFIER'	);

INSERT INTO Leaders (LeaderType, Name, Sex, InheritFrom, SceneLayers)
VALUES	('LEADER_GENSHIN_FISCHL',	'LOC_LEADER_GENSHIN_FISCHL_NAME',	'Female', 'LEADER_DEFAULT', 4),
		('LEADER_GENSHIN_BARBARA',	'LOC_LEADER_GENSHIN_BARBARA_NAME',	'Female', 'LEADER_DEFAULT', 4),
		('LEADER_GENSHIN_NOELLE',	'LOC_LEADER_GENSHIN_NOELLE_NAME',	'Female', 'LEADER_DEFAULT', 4);

INSERT INTO CivilizationLeaders (CivilizationType, LeaderType, CapitalName)
VALUES	('CIVILIZATION_GENSHIN_MONDSTADT',	'LEADER_GENSHIN_FISCHL',	'LOC_CITY_NAME_GENSHIN_MONDSTADT_1'	),
		('CIVILIZATION_GENSHIN_MONDSTADT',	'LEADER_GENSHIN_BARBARA',	'LOC_CITY_NAME_GENSHIN_MONDSTADT_1'	),
		('CIVILIZATION_GENSHIN_MONDSTADT',	'LEADER_GENSHIN_NOELLE',	'LOC_CITY_NAME_GENSHIN_MONDSTADT_1'	);

INSERT INTO LoadingInfo (LeaderType, ForegroundImage, BackgroundImage, PlayDawnOfManAudio)
VALUES	('LEADER_GENSHIN_FISCHL',	NULL,	'BACKGROUND_GENSHIN_FISCHL_LOADING',	1),
		('LEADER_GENSHIN_BARBARA',	NULL,	'BACKGROUND_GENSHIN_BARBARA_LOADING',	1),
		('LEADER_GENSHIN_NOELLE',	NULL,	'BACKGROUND_GENSHIN_NOELLE_LOADING',	1);

INSERT INTO DiplomacyInfo (Type, BackgroundImage)
VALUES	('LEADER_GENSHIN_FISCHL',	'BACKGROUND_GENSHIN_MONDSTADT_INGAME'),
		('LEADER_GENSHIN_BARBARA',	'BACKGROUND_GENSHIN_MONDSTADT_INGAME'),
		('LEADER_GENSHIN_NOELLE',	'BACKGROUND_GENSHIN_MONDSTADT_INGAME');

INSERT INTO LeaderQuotes (LeaderType, Quote)
VALUES	('LEADER_GENSHIN_FISCHL',	'LOC_PEDIA_LEADERS_PAGE_GENSHIN_FISCHL_QUOTE'	),
		('LEADER_GENSHIN_BARBARA',	'LOC_PEDIA_LEADERS_PAGE_GENSHIN_BARBARA_QUOTE'	),
		('LEADER_GENSHIN_NOELLE',	'LOC_PEDIA_LEADERS_PAGE_GENSHIN_NOELLE_QUOTE'	);

--------------------------------------------------------------
INSERT INTO Traits (TraitType, Name, Description)
VALUES (
	'TRAIT_LEADER_GENSHIN_FISCHL',
	'LOC_TRAIT_LEADER_GENSHIN_FISCHL_NAME',
	'LOC_TRAIT_LEADER_GENSHIN_FISCHL_DESCRIPTION'
),(
	'TRAIT_LEADER_GENSHIN_BARBARA',
	'LOC_TRAIT_LEADER_GENSHIN_BARBARA_NAME',
	'LOC_TRAIT_LEADER_GENSHIN_BARBARA_DESCRIPTION'
),(
	'TRAIT_LEADER_GENSHIN_NOELLE',
	'LOC_TRAIT_LEADER_GENSHIN_NOELLE_NAME',
	'LOC_TRAIT_LEADER_GENSHIN_NOELLE_DESCRIPTION'
),
		('TRAIT_AGENDA_LEADER_GENSHIN_FISCHL',	NULL, NULL),
		('TRAIT_AGENDA_LEADER_GENSHIN_BARBARA',	NULL, NULL),
		('TRAIT_AGENDA_LEADER_GENSHIN_NOELLE',	NULL, NULL);

INSERT INTO LeaderTraits (LeaderType, TraitType)
VALUES	('LEADER_GENSHIN_FISCHL',	'TRAIT_LEADER_GENSHIN_FISCHL'				),
		('LEADER_GENSHIN_BARBARA',	'TRAIT_LEADER_GENSHIN_BARBARA'				),
		('LEADER_GENSHIN_BARBARA',	'TRAIT_LEADER_CULTURAL_MAJOR_CIV'			),
		('LEADER_GENSHIN_BARBARA',	'TRAIT_LEADER_RELIGIOUS_MAJOR_CIV'			),
		('LEADER_GENSHIN_BARBARA',	'TRAIT_LEADER_LOW_CITY_STATE_PREFERENCE_WAR'),
		('LEADER_GENSHIN_NOELLE',	'TRAIT_LEADER_GENSHIN_NOELLE'				);

INSERT INTO Agendas (AgendaType, Name, Description)
VALUES	('AGENDA_LEADER_GENSHIN_FISCHL',	'LOC_AGENDA_LEADER_GENSHIN_FISCHL_NAME',	'LOC_AGENDA_LEADER_GENSHIN_FISCHL_DESCRIPTION'	),
		('AGENDA_LEADER_GENSHIN_BARBARA',	'LOC_AGENDA_LEADER_GENSHIN_BARBARA_NAME',	'LOC_AGENDA_LEADER_GENSHIN_BARBARA_DESCRIPTION'	),
		('AGENDA_LEADER_GENSHIN_NOELLE',	'LOC_AGENDA_LEADER_GENSHIN_NOELLE_NAME',	'LOC_AGENDA_LEADER_GENSHIN_NOELLE_DESCRIPTION'	);

INSERT INTO HistoricalAgendas (LeaderType, AgendaType)
VALUES	('LEADER_GENSHIN_FISCHL',	'AGENDA_LEADER_GENSHIN_FISCHL'	),
		('LEADER_GENSHIN_BARBARA',	'AGENDA_LEADER_GENSHIN_BARBARA'	),
		('LEADER_GENSHIN_NOELLE',	'AGENDA_LEADER_GENSHIN_NOELLE'	);

INSERT INTO ExclusiveAgendas (AgendaOne, AgendaTwo)
VALUES	('AGENDA_LEADER_GENSHIN_FISCHL',	'AGENDA_SYMPATHIZER'),
		('AGENDA_LEADER_GENSHIN_BARBARA',	'AGENDA_CULTURED'	),
		('AGENDA_LEADER_GENSHIN_BARBARA',	'AGENDA_TECHNOPHILE');

INSERT INTO AgendaPreferredLeaders (LeaderType, AgendaType, PercentageChance)
VALUES	('LEADER_GENSHIN_BARBARA', 'AGENDA_CITY_STATE_PROTECTOR', 50);

INSERT INTO AgendaTraits (AgendaType, TraitType)
VALUES	('AGENDA_LEADER_GENSHIN_FISCHL',	'TRAIT_AGENDA_LEADER_GENSHIN_FISCHL'	),
		('AGENDA_LEADER_GENSHIN_BARBARA',	'TRAIT_AGENDA_LEADER_GENSHIN_BARBARA'	),
		('AGENDA_LEADER_GENSHIN_NOELLE',	'TRAIT_AGENDA_LEADER_GENSHIN_NOELLE'	);

INSERT INTO TraitModifiers (TraitType, ModifierId)
VALUES	('TRAIT_LEADER_GENSHIN_FISCHL',			'FISCHL_DARK_AGE_COMBAT_BONUS'					),
		('TRAIT_LEADER_GENSHIN_FISCHL',			'FISCHL_DARK_AGE_MOVE_BONUS'					),
		('TRAIT_LEADER_GENSHIN_FISCHL',			'FISCHL_GOLDEN_AGE_APPEAL_BONUS'				),
		('TRAIT_LEADER_GENSHIN_BARBARA',		'BARBARA_ADJUST_FULL_HOUSING_FROM_WATER'		),
		('TRAIT_LEADER_GENSHIN_BARBARA',		'BARBARA_HOLYSITE_NATURALIST_COST_INCREMENTAL'	),
		('TRAIT_LEADER_GENSHIN_NOELLE',			'NOELLE_UNITS_ADJUST_SUPPORT_BONUS'				),
		('TRAIT_LEADER_GENSHIN_NOELLE',			'NOELLE_CITY_GARRISON_AMENITY_BONUS'			),
		('TRAIT_LEADER_GENSHIN_NOELLE',			'NOELLE_CITY_GARRISON_PRODUCTION_BONUS'			),
		('TRAIT_AGENDA_LEADER_GENSHIN_FISCHL',	'AGENDA_LEADER_GENSHIN_FISCHL_HAPPY'			),
		('TRAIT_AGENDA_LEADER_GENSHIN_FISCHL',	'AGENDA_LEADER_GENSHIN_FISCHL_UNHAPPY'			),
		('TRAIT_AGENDA_LEADER_GENSHIN_BARBARA',	'AGENDA_LEADER_GENSHIN_BARBARA_HAPPY'			),
		('TRAIT_AGENDA_LEADER_GENSHIN_BARBARA',	'AGENDA_LEADER_GENSHIN_BARBARA_UNHAPPY'			),
		('TRAIT_AGENDA_LEADER_GENSHIN_NOELLE',	'AGENDA_LEADER_GENSHIN_NOELLE_HAPPY'			),
		('TRAIT_AGENDA_LEADER_GENSHIN_NOELLE',	'AGENDA_LEADER_GENSHIN_NOELLE_UNHAPPY'			);

--------------------------------------------------------------
INSERT INTO AiListTypes (ListType)
VALUES	('GenshinMondstadtCivics'), ('GenshinMondstadtTechs'), ('GenshinMondstadtWonders');

INSERT INTO AiLists (LeaderType, ListType, System)
VALUES	('TRAIT_LEADER_GENSHIN_FISCHL',		'GenshinMondstadtCivics',	'Civics'		),
		('TRAIT_LEADER_GENSHIN_FISCHL',		'GenshinMondstadtTechs',	'Technologies'	),
		('TRAIT_LEADER_GENSHIN_FISCHL',		'GenshinMondstadtWonders',	'Buildings'		),
		('TRAIT_LEADER_GENSHIN_BARBARA',	'GenshinMondstadtCivics',	'Civics'		),
		('TRAIT_LEADER_GENSHIN_BARBARA',	'GenshinMondstadtTechs',	'Technologies'	),
		('TRAIT_LEADER_GENSHIN_BARBARA',	'GenshinMondstadtWonders',	'Buildings'		),
		('TRAIT_LEADER_GENSHIN_NOELLE',		'GenshinMondstadtCivics',	'Civics'		),
		('TRAIT_LEADER_GENSHIN_NOELLE',		'GenshinMondstadtTechs',	'Technologies'	),
		('TRAIT_LEADER_GENSHIN_NOELLE',		'GenshinMondstadtWonders',	'Buildings'		);

INSERT INTO AiFavoredItems (ListType, Item, Favored)
VALUES	('GenshinMondstadtCivics',	'CIVIC_POLITICAL_PHILOSOPHY',	1),
		('GenshinMondstadtCivics',	'CIVIC_THEOLOGY',				1),
		('GenshinMondstadtCivics',	'CIVIC_CIVIL_SERVICE',			1),
		('GenshinMondstadtCivics',	'CIVIC_HUMANISM',				1),
		('GenshinMondstadtCivics',	'CIVIC_NATURAL_HISTORY',		1),
		('GenshinMondstadtCivics',	'CIVIC_CONSERVATION',			1),
		('GenshinMondstadtTechs',	'TECH_ANIMAL_HUSBANDRY',		1),
		('GenshinMondstadtTechs',	'TECH_IRRIGATION',				1),
		('GenshinMondstadtTechs',	'TECH_ASTROLOGY',				1),
		('GenshinMondstadtTechs',	'TECH_EDUCATION',				1),
		('GenshinMondstadtTechs',	'TECH_PRINTING',				1),
		('GenshinMondstadtWonders',	'BUILDING_ALHAMBRA',			1),
		('GenshinMondstadtWonders',	'BUILDING_GREAT_LIBRARY',		1),
		('GenshinMondstadtWonders',	'BUILDING_STATUE_LIBERTY',		1),
		('GenshinMondstadtWonders',	'BUILDING_HAGIA_SOPHIA',		1),
		('GenshinMondstadtWonders',	'BUILDING_ORACLE',				1);

--------------------------------------------------------------
INSERT INTO Modifiers (ModifierId, ModifierType, SubjectRequirementSetId, OwnerRequirementSetId, SubjectStackLimit)
VALUES (
	'FISCHL_DARK_AGE_COMBAT_BONUS',
	'MODIFIER_PLAYER_UNITS_ADJUST_COMBAT_STRENGTH',
	NULL, 'PLAYER_HAS_DARK_AGE', NULL
),(
	'FISCHL_DARK_AGE_MOVE_BONUS',
	'MODIFIER_PLAYER_UNITS_ADJUST_MOVEMENT',
	NULL, 'PLAYER_HAS_DARK_AGE', NULL
),(
	'FISCHL_GOLDEN_AGE_APPEAL_BONUS',
	'MODIFIER_PLAYER_CITIES_ADJUST_CITY_APPEAL',
	NULL, 'PLAYER_HAS_GOLDEN_AGE', NULL
),(
	'BARBARA_ADJUST_FULL_HOUSING_FROM_WATER',
	'MODIFIER_PLAYER_GRANT_CITIES_FRESHWATER_HOUSING_BONUS',
	NULL, NULL, NULL
),(
	'BARBARA_HOLYSITE_NATURALIST_COST_INCREMENTAL',
	'MODIFIER_PLAYER_CITIES_ATTACH_MODIFIER',
	'REQUIREMENTS_CITY_HAS_SHRINE', NULL, NULL
),(
	'BARBARA_SINGLE_HOLYSITE_ADJUST_NATURALIST_COST',
	'MODIFIER_PLAYER_CITIES_ADJUST_UNIT_PURCHASE_COST',
	NULL, NULL, 10
),(
	'NOELLE_UNITS_ADJUST_SUPPORT_BONUS',
	'MODIFIER_NOELLE_UNITS_ADJUST_SUPPORT_BONUS',
	NULL, NULL, NULL
),(
	'NOELLE_CITY_GARRISON_AMENITY_BONUS',
	'MODIFIER_PLAYER_CITIES_ADJUST_AMENITIES_FROM_GOVERNORS',
	'CITY_HAS_GARRISON_UNIT_REQUIERMENT', NULL, NULL
),(
	'NOELLE_CITY_GARRISON_PRODUCTION_BONUS',
	'MODIFIER_PLAYER_CITIES_ADJUST_CITY_YIELD_MODIFIER',
	'CITY_HAS_GARRISON_UNIT_REQUIERMENT', NULL, NULL
),(
	'AGENDA_LEADER_GENSHIN_FISCHL_HAPPY',
	'MODIFIER_PLAYER_DIPLOMACY_SIMPLE_MODIFIER',
	'PLAYER_HAS_DARK_AGE_HAVE_MET', NULL, NULL
),(
	'AGENDA_LEADER_GENSHIN_FISCHL_UNHAPPY',
	'MODIFIER_PLAYER_DIPLOMACY_SIMPLE_MODIFIER',
	'PLAYER_HAS_GOLDEN_AGE_HAVE_MET', NULL, NULL
),(
	'AGENDA_LEADER_GENSHIN_BARBARA_HAPPY',
	'MODIFIER_PLAYER_DIPLOMACY_SIMPLE_MODIFIER',
	'PLAYER_LEADS_PROGRESS', NULL, NULL
),(
	'AGENDA_LEADER_GENSHIN_BARBARA_UNHAPPY',
	'MODIFIER_PLAYER_DIPLOMACY_SIMPLE_MODIFIER',
	'PLAYER_LAGS_PROGRESS', NULL, NULL
),(
	'AGENDA_LEADER_GENSHIN_NOELLE_HAPPY',
	'MODIFIER_PLAYER_DIPLOMACY_SIMPLE_MODIFIER',
	'PLAYER_HAS_MANY_ALLIANCES', NULL, NULL
),(
	'AGENDA_LEADER_GENSHIN_NOELLE_UNHAPPY',
	'MODIFIER_PLAYER_DIPLOMACY_SIMPLE_MODIFIER',
	'PLAYER_HAS_FEW_ALLIANCES', NULL, NULL
);

INSERT INTO DynamicModifiers (ModifierType, CollectionType, EffectType)
VALUES ('MODIFIER_NOELLE_UNITS_ADJUST_SUPPORT_BONUS', 'COLLECTION_PLAYER_UNITS', 'EFFECT_ADJUST_UNIT_SUPPORT_BONUS_MODIFIER');

INSERT INTO ModifierArguments (ModifierId, Name, Value)
VALUES	('FISCHL_DARK_AGE_COMBAT_BONUS',						'Amount',			3														),
		('FISCHL_DARK_AGE_MOVE_BONUS',							'Amount',			1														),
		('FISCHL_GOLDEN_AGE_APPEAL_BONUS',						'Amount',			1														),
		('BARBARA_HOLYSITE_NATURALIST_COST_INCREMENTAL',		'ModifierId',		'BARBARA_SINGLE_HOLYSITE_ADJUST_NATURALIST_COST'		),
		('BARBARA_SINGLE_HOLYSITE_ADJUST_NATURALIST_COST',		'UnitType',			'UNIT_NATURALIST'										),
		('BARBARA_SINGLE_HOLYSITE_ADJUST_NATURALIST_COST',		'Amount',			3														),
		('BARBARA_ADJUST_FULL_HOUSING_FROM_WATER',				'HasBonus',			1														),
		('NOELLE_UNITS_ADJUST_SUPPORT_BONUS',					'Percent',			100														),
		('NOELLE_CITY_GARRISON_AMENITY_BONUS',					'Amount',			1														),
		('NOELLE_CITY_GARRISON_PRODUCTION_BONUS',				'YieldType',		'YIELD_PRODUCTION'										),
		('NOELLE_CITY_GARRISON_PRODUCTION_BONUS',				'Amount',			10														),
		('AGENDA_LEADER_GENSHIN_FISCHL_HAPPY',		'InitialValue',					7														),
		('AGENDA_LEADER_GENSHIN_FISCHL_HAPPY',		'StatementKey',					'LOC_DIPLO_KUDO_LEADER_GENSHIN_FISCHL_REASON_ANY'		),
		('AGENDA_LEADER_GENSHIN_FISCHL_HAPPY',		'SimpleModifierDescription',	'LOC_DIPLO_MODIFIER_LEADER_GENSHIN_FISCHL_HAPPY'		),
		('AGENDA_LEADER_GENSHIN_FISCHL_UNHAPPY',	'InitialValue',					-7														),
		('AGENDA_LEADER_GENSHIN_FISCHL_UNHAPPY',	'StatementKey',					'LOC_DIPLO_WARNING_LEADER_GENSHIN_FISCHL_REASON_ANY'	),
		('AGENDA_LEADER_GENSHIN_FISCHL_UNHAPPY',	'SimpleModifierDescription',	'LOC_DIPLO_MODIFIER_LEADER_GENSHIN_FISCHL_UNHAPPY'		),
		('AGENDA_LEADER_GENSHIN_BARBARA_HAPPY',		'InitialValue',					7														),
		('AGENDA_LEADER_GENSHIN_BARBARA_HAPPY',		'StatementKey',					'LOC_DIPLO_KUDO_LEADER_GENSHIN_BARBARA_REASON_ANY'		),
		('AGENDA_LEADER_GENSHIN_BARBARA_HAPPY',		'SimpleModifierDescription',	'LOC_DIPLO_MODIFIER_LEADER_GENSHIN_BARBARA_HAPPY'		),
		('AGENDA_LEADER_GENSHIN_BARBARA_UNHAPPY',	'InitialValue',					-7														),
		('AGENDA_LEADER_GENSHIN_BARBARA_UNHAPPY',	'StatementKey',					'LOC_DIPLO_WARNING_LEADER_GENSHIN_BARBARA_REASON_ANY'	),
		('AGENDA_LEADER_GENSHIN_BARBARA_UNHAPPY',	'SimpleModifierDescription',	'LOC_DIPLO_MODIFIER_LEADER_GENSHIN_BARBARA_UNHAPPY'		),
		('AGENDA_LEADER_GENSHIN_NOELLE_HAPPY',		'InitialValue',					8														),
		('AGENDA_LEADER_GENSHIN_NOELLE_HAPPY',		'MaxValue',						8														),
		('AGENDA_LEADER_GENSHIN_NOELLE_HAPPY',		'ReductionTurns',				4														),
		('AGENDA_LEADER_GENSHIN_NOELLE_HAPPY',		'ReductionValue',				-8														),
		('AGENDA_LEADER_GENSHIN_NOELLE_HAPPY',		'StatementKey',					'LOC_DIPLO_KUDO_LEADER_GENSHIN_NOELLE_REASON_ANY'		),
		('AGENDA_LEADER_GENSHIN_NOELLE_HAPPY',		'SimpleModifierDescription',	'LOC_DIPLO_MODIFIER_LEADER_GENSHIN_NOELLE_HAPPY'		),
		('AGENDA_LEADER_GENSHIN_NOELLE_UNHAPPY',	'InitialValue',					-8														),
		('AGENDA_LEADER_GENSHIN_NOELLE_UNHAPPY',	'MaxValue',						-8														),
		('AGENDA_LEADER_GENSHIN_NOELLE_UNHAPPY',	'IncrementTurns',				4														),
		('AGENDA_LEADER_GENSHIN_NOELLE_UNHAPPY',	'IncrementValue',				-8														),
		('AGENDA_LEADER_GENSHIN_NOELLE_UNHAPPY',	'StatementKey',					'LOC_DIPLO_WARNING_LEADER_GENSHIN_NOELLE_REASON_ANY'	),
		('AGENDA_LEADER_GENSHIN_NOELLE_UNHAPPY',	'SimpleModifierDescription',	'LOC_DIPLO_MODIFIER_LEADER_GENSHIN_NOELLE_UNHAPPY'		);

INSERT INTO ModifierStrings(ModifierId, Context, Text)
VALUES	('FISCHL_DARK_AGE_COMBAT_BONUS',			'Preview',	'LOC_COMBAT_PREVIEW_FISCHL_DARK_AGE_COMBAT_BONUS'	),
		('AGENDA_LEADER_GENSHIN_FISCHL_HAPPY',		'Sample',	'LOC_TOOLTIP_SAMPLE_DIPLOMACY_ALL'					),
		('AGENDA_LEADER_GENSHIN_FISCHL_UNHAPPY',	'Sample',	'LOC_TOOLTIP_SAMPLE_DIPLOMACY_ALL'					),
		('AGENDA_LEADER_GENSHIN_BARBARA_HAPPY',		'Sample',	'LOC_TOOLTIP_SAMPLE_DIPLOMACY_ALL'					),
		('AGENDA_LEADER_GENSHIN_BARBARA_UNHAPPY',	'Sample',	'LOC_TOOLTIP_SAMPLE_DIPLOMACY_ALL'					),
		('AGENDA_LEADER_GENSHIN_NOELLE_HAPPY',		'Sample',	'LOC_TOOLTIP_SAMPLE_DIPLOMACY_ALL'					),
		('AGENDA_LEADER_GENSHIN_NOELLE_UNHAPPY',	'Sample',	'LOC_TOOLTIP_SAMPLE_DIPLOMACY_ALL'					);