REPLACE INTO UnitReplaces (CivUniqueUnitType, ReplacesUnitType)
VALUES ('UNIT_OUTRIDER', 'UNIT_SKIRMISHER');

INSERT INTO NamedDeserts (NamedDesertType, Name)
VALUES	('NAMED_DESSERT_LIYUE_1',	'LOC_NAMED_DESSERT_LIYUE_1'),
		('NAMED_DESSERT_LIYUE_2',	'LOC_NAMED_DESSERT_LIYUE_2');

INSERT INTO NamedDesertCivilizations (NamedDesertType, CivilizationType)
VALUES	('NAMED_DESSERT_LIYUE_1',	'CIVILIZATION_GENSHIN_MONDSTADT'),
		('NAMED_DESSERT_LIYUE_2',	'CIVILIZATION_GENSHIN_MONDSTADT');

INSERT INTO NamedLakes (NamedLakeType, Name)
VALUES	('NAMED_LAKE_MONDSTADT_1',	'LOC_NAMED_LAKE_MONDSTADT_1'),
		('NAMED_LAKE_MONDSTADT_2',	'LOC_NAMED_LAKE_MONDSTADT_2'),
		('NAMED_LAKE_MONDSTADT_3',	'LOC_NAMED_LAKE_MONDSTADT_3'),
		('NAMED_LAKE_MONDSTADT_4',	'LOC_NAMED_LAKE_MONDSTADT_4');

INSERT INTO NamedLakeCivilizations (NamedLakeType, CivilizationType)
VALUES	('NAMED_LAKE_MONDSTADT_1',	'CIVILIZATION_GENSHIN_MONDSTADT'),
		('NAMED_LAKE_MONDSTADT_2',	'CIVILIZATION_GENSHIN_MONDSTADT'),
		('NAMED_LAKE_MONDSTADT_3',	'CIVILIZATION_GENSHIN_MONDSTADT'),
		('NAMED_LAKE_MONDSTADT_4',	'CIVILIZATION_GENSHIN_MONDSTADT');

INSERT INTO NamedMountains (NamedMountainType, Name)
VALUES	('NAMED_MOUNTAIN_MONDSTADT_1',	'LOC_NAMED_MOUNTAIN_MONDSTADT_1'),
		('NAMED_MOUNTAIN_MONDSTADT_2',	'LOC_NAMED_MOUNTAIN_MONDSTADT_2'),
		('NAMED_MOUNTAIN_MONDSTADT_3',	'LOC_NAMED_MOUNTAIN_MONDSTADT_3'),
		('NAMED_MOUNTAIN_MONDSTADT_4',	'LOC_NAMED_MOUNTAIN_MONDSTADT_4');

INSERT INTO NamedMountainCivilizations (NamedMountainType, CivilizationType)
VALUES	('NAMED_MOUNTAIN_MONDSTADT_1',	'CIVILIZATION_GENSHIN_MONDSTADT'),
		('NAMED_MOUNTAIN_MONDSTADT_2',	'CIVILIZATION_GENSHIN_MONDSTADT'),
		('NAMED_MOUNTAIN_MONDSTADT_3',	'CIVILIZATION_GENSHIN_MONDSTADT'),
		('NAMED_MOUNTAIN_MONDSTADT_4',	'CIVILIZATION_GENSHIN_MONDSTADT');

INSERT INTO NamedOceans (NamedOceanType, Name)
VALUES	('NAMED_OCEAN_MONDSTADT_1',	'LOC_NAMED_OCEAN_MONDSTADT_1');

INSERT INTO NamedOceanCivilizations (NamedOceanType, CivilizationType)
VALUES	('NAMED_OCEAN_MONDSTADT_1',	'CIVILIZATION_GENSHIN_MONDSTADT');

INSERT INTO NamedRivers (NamedRiverType, Name)
VALUES	('NAMED_RIVER_MONDSTADT_1',	'LOC_NAMED_RIVER_MONDSTADT_1'	),
		('NAMED_RIVER_MONDSTADT_2',	'LOC_NAMED_RIVER_MONDSTADT_2'	),
		('NAMED_RIVER_MONDSTADT_3',	'LOC_NAMED_RIVER_MONDSTADT_3'	),
		('NAMED_RIVER_MONDSTADT_4',	'LOC_NAMED_RIVER_MONDSTADT_4'	),
		('NAMED_RIVER_LIYUE_1',		'LOC_NAMED_RIVER_LIYUE_1'		);

INSERT INTO NamedRiverCivilizations (NamedRiverType, CivilizationType)
VALUES	('NAMED_RIVER_MONDSTADT_1',	'CIVILIZATION_GENSHIN_MONDSTADT'),
		('NAMED_RIVER_MONDSTADT_2',	'CIVILIZATION_GENSHIN_MONDSTADT'),
		('NAMED_RIVER_MONDSTADT_3',	'CIVILIZATION_GENSHIN_MONDSTADT'),
		('NAMED_RIVER_MONDSTADT_4',	'CIVILIZATION_GENSHIN_MONDSTADT'),
		('NAMED_RIVER_LIYUE_1',		'CIVILIZATION_GENSHIN_MONDSTADT');

INSERT INTO NamedSeas (NamedSeaType, Name)
VALUES	('NAMED_SEA_MONDSTADT_1',	'LOC_NAMED_SEA_MONDSTADT_1'),
		('NAMED_SEA_MONDSTADT_2',	'LOC_NAMED_SEA_MONDSTADT_2');

INSERT INTO NamedSeaCivilizations (NamedSeaType, CivilizationType)
VALUES	('NAMED_SEA_MONDSTADT_1',	'CIVILIZATION_GENSHIN_MONDSTADT'),
		('NAMED_SEA_MONDSTADT_2',	'CIVILIZATION_GENSHIN_MONDSTADT');

INSERT INTO NamedVolcanoes (NamedVolcanoType, Name)
VALUES	('NAMED_VOLCANO_MONDSTADT_1',	'LOC_NAMED_VOLCANO_MONDSTADT_1'),
		('NAMED_VOLCANO_MONDSTADT_2',	'LOC_NAMED_VOLCANO_MONDSTADT_2'),
		('NAMED_VOLCANO_MONDSTADT_3',	'LOC_NAMED_VOLCANO_MONDSTADT_3');

INSERT INTO NamedVolcanoCivilizations (NamedVolcanoType, CivilizationType)
VALUES	('NAMED_VOLCANO_MONDSTADT_1',	'CIVILIZATION_GENSHIN_MONDSTADT'),
		('NAMED_VOLCANO_MONDSTADT_2',	'CIVILIZATION_GENSHIN_MONDSTADT'),
		('NAMED_VOLCANO_MONDSTADT_3',	'CIVILIZATION_GENSHIN_MONDSTADT');