INSERT INTO Types (Type, Kind)
VALUES	('TRAIT_GENSHIN_BUILDING_STATUE_OF_THE_SEVEN',	'KIND_TRAIT'		),
		('TRAIT_GENSHIN_IMPROVEMENT_ADVENTURERS_GUILD',	'KIND_TRAIT'		),
		('BUILDING_STATUE_OF_THE_SEVEN',				'KIND_BUILDING'		),
		('IMPROVEMENT_ADVENTURERS_GUILD',				'KIND_IMPROVEMENT'	),
		('UNIT_HILICHURL_FIGHTER',						'KIND_UNIT'			),
		('UNIT_HILICHURL_GUARD',						'KIND_UNIT'			);

INSERT INTO Traits (TraitType, Name, Description)
VALUES (
	'TRAIT_GENSHIN_BUILDING_STATUE_OF_THE_SEVEN',
	'LOC_BUILDING_STATUE_OF_THE_SEVEN_NAME',
	'LOC_BUILDING_STATUE_OF_THE_SEVEN_DESCRIPTION'
),(
	'TRAIT_GENSHIN_IMPROVEMENT_ADVENTURERS_GUILD',
	'LOC_IMPROVEMENT_ADVENTURERS_GUILD_NAME',
	'LOC_IMPROVEMENT_ADVENTURERS_GUILD_DESCRIPTION'
);

INSERT INTO MomentIllustrations (MomentIllustrationType, MomentDataType, GameDataType, Texture)
VALUES	('MOMENT_ILLUSTRATION_UNIQUE_BUILDING',		'MOMENT_DATA_BUILDING',		'BUILDING_STATUE_OF_THE_SEVEN',		'MOMENT_STATUE_OF_THE_SEVEN'),
		('MOMENT_ILLUSTRATION_UNIQUE_IMPROVEMENT',	'MOMENT_DATA_IMPROVEMENT',	'IMPROVEMENT_ADVENTURERS_GUILD',	'MOMENT_ADVENTURERS_GUILD'	);

--------------------------------------------------------------
INSERT INTO BuildingReplaces (CivUniqueBuildingType, ReplacesBuildingType)
VALUES ('BUILDING_STATUE_OF_THE_SEVEN', 'BUILDING_MONUMENT');

INSERT INTO Buildings (BuildingType, Name, Description, PrereqDistrict, PurchaseYield, Cost, AdvisorType, TraitType)
VALUES (
	'BUILDING_STATUE_OF_THE_SEVEN',
	'LOC_BUILDING_STATUE_OF_THE_SEVEN_NAME',
	'LOC_BUILDING_STATUE_OF_THE_SEVEN_DESCRIPTION',
	'DISTRICT_CITY_CENTER',
	'YIELD_FAITH', 60,
	'ADVISOR_GENERIC',
	'TRAIT_GENSHIN_BUILDING_STATUE_OF_THE_SEVEN'
);

INSERT INTO Building_YieldChanges (BuildingType, YieldType, YieldChange)
VALUES	('BUILDING_STATUE_OF_THE_SEVEN',	'YIELD_CULTURE',	1),
		('BUILDING_STATUE_OF_THE_SEVEN',	'YIELD_FAITH',		2);

INSERT INTO BuildingModifiers (BuildingType, ModifierId)
VALUES	('BUILDING_STATUE_OF_THE_SEVEN',	'MONUMENT_LOYALTY'					),
		('BUILDING_STATUE_OF_THE_SEVEN',	'MONUMENT_CULTURE_AT_FULL_LOYALTY'	);

--------------------------------------------------------------
INSERT INTO Improvements(
	ImprovementType,
	Name,
	Description,
	Icon,
	PrereqCivic,
	PlunderType,
	PlunderAmount,
	Buildable,
	OnePerCity,
	Appeal,
	TraitType
) VALUES (
	'IMPROVEMENT_ADVENTURERS_GUILD',
	'LOC_IMPROVEMENT_ADVENTURERS_GUILD_NAME',
	'LOC_IMPROVEMENT_ADVENTURERS_GUILD_DESCRIPTION',
	'ICON_IMPROVEMENT_ADVENTURERS_GUILD',
	'CIVIC_MILITARY_TRAINING',
	'PLUNDER_GOLD', 25, 1, 1, 1,
	'TRAIT_GENSHIN_IMPROVEMENT_ADVENTURERS_GUILD'
);

INSERT INTO Improvement_ValidTerrains (ImprovementType, TerrainType)
VALUES	('IMPROVEMENT_ADVENTURERS_GUILD',	'TERRAIN_PLAINS'		),
		('IMPROVEMENT_ADVENTURERS_GUILD',	'TERRAIN_PLAINS_HILLS'	),
		('IMPROVEMENT_ADVENTURERS_GUILD',	'TERRAIN_GRASS'			),
		('IMPROVEMENT_ADVENTURERS_GUILD',	'TERRAIN_GRASS_HILLS'	),
		('IMPROVEMENT_ADVENTURERS_GUILD',	'TERRAIN_DESERT'		),
		('IMPROVEMENT_ADVENTURERS_GUILD',	'TERRAIN_DESERT_HILLS'	),
		('IMPROVEMENT_ADVENTURERS_GUILD',	'TERRAIN_TUNDRA'		),
		('IMPROVEMENT_ADVENTURERS_GUILD',	'TERRAIN_TUNDRA_HILLS'	),
		('IMPROVEMENT_ADVENTURERS_GUILD',	'TERRAIN_SNOW'			),
		('IMPROVEMENT_ADVENTURERS_GUILD',	'TERRAIN_SNOW_HILLS'	);

INSERT INTO Improvement_ValidBuildUnits (ImprovementType, UnitType)
VALUES	('IMPROVEMENT_ADVENTURERS_GUILD',	'UNIT_BUILDER');

INSERT INTO Improvement_YieldChanges (ImprovementType, YieldType, YieldChange)
VALUES	('IMPROVEMENT_ADVENTURERS_GUILD',	'YIELD_CULTURE',	1),
		('IMPROVEMENT_ADVENTURERS_GUILD',	'YIELD_PRODUCTION',	1);

INSERT INTO Improvement_Tourism (ImprovementType, TourismSource, PrereqTech, ScalingFactor)
VALUES ('IMPROVEMENT_ADVENTURERS_GUILD', 'TOURISMSOURCE_CULTURE', 'TECH_FLIGHT', 100);

INSERT INTO TraitModifiers (TraitType, ModifierId)
VALUES ('TRAIT_GENSHIN_IMPROVEMENT_ADVENTURERS_GUILD', 'ADVENTURERS_GUILD_GOLD_BONUS');

--------------------------------------------------------------
INSERT INTO UnitAiInfos (UnitType, AiType)
VALUES	('UNIT_HILICHURL_FIGHTER',	'UNITAI_COMBAT'			),
		('UNIT_HILICHURL_FIGHTER',	'UNITAI_EXPLORE'		),
		('UNIT_HILICHURL_FIGHTER',	'UNITTYPE_MELEE'		),
		('UNIT_HILICHURL_FIGHTER',	'UNITTYPE_LAND_COMBAT'	),
		('UNIT_HILICHURL_GUARD',	'UNITAI_COMBAT'			),
		('UNIT_HILICHURL_GUARD',	'UNITAI_EXPLORE'		),
		('UNIT_HILICHURL_GUARD',	'UNITTYPE_MELEE'		),
		('UNIT_HILICHURL_GUARD',	'UNITTYPE_ANTI_CAVALRY'	),
		('UNIT_HILICHURL_GUARD',	'UNITTYPE_LAND_COMBAT'	);

INSERT INTO UnitReplaces (CivUniqueUnitType, ReplacesUnitType)
VALUES	('UNIT_HILICHURL_FIGHTER',	'UNIT_WARRIOR'	),
		('UNIT_HILICHURL_GUARD',	'UNIT_SPEARMAN'	);

INSERT INTO TypeTags (Type, Tag)
VALUES	('UNIT_HILICHURL_FIGHTER',	'CLASS_MELEE'		),
		('UNIT_HILICHURL_GUARD',	'CLASS_ANTI_CAVALRY');

INSERT INTO Units(
	UnitType,
	Name,
	Description,
	Cost,
	Maintenance,
	BaseMoves,
	BaseSightRange,
	ZoneOfControl,
	Domain,
	Combat,
	FormationClass,
	PromotionClass,
	AdvisorType,
	PurchaseYield,
	PrereqTech,
	MandatoryObsoleteTech,
	TraitType
) VALUES (
	'UNIT_HILICHURL_FIGHTER',
	'LOC_UNIT_HILICHURL_FIGHTER_NAME',
	'LOC_UNIT_HILICHURL_FIGHTER_DESCRIPTION',
	40, 0, 2, 2, 1,
	'DOMAIN_LAND',
	20,
	'FORMATION_CLASS_LAND_COMBAT',
	'PROMOTION_CLASS_MELEE',
	'ADVISOR_CONQUEST',
	'YIELD_GOLD',
	NULL,
	'TECH_GUNPOWDER',
	'TRAIT_BARBARIAN'
),(
	'UNIT_HILICHURL_GUARD',
	'LOC_UNIT_HILICHURL_GUARD_NAME',
	'LOC_UNIT_HILICHURL_GUARD_DESCRIPTION',
	65, 1, 2, 2, 1,
	'DOMAIN_LAND',
	25,
	'FORMATION_CLASS_LAND_COMBAT',
	'PROMOTION_CLASS_ANTI_CAVALRY',
	'ADVISOR_CONQUEST',
	'YIELD_GOLD',
	'TECH_BRONZE_WORKING',
	'TECH_METAL_CASTING',
	'TRAIT_BARBARIAN'
);

INSERT INTO UnitUpgrades (Unit, UpgradeUnit)
VALUES	('UNIT_HILICHURL_FIGHTER',	'UNIT_SWORDSMAN'),
		('UNIT_HILICHURL_GUARD',	'UNIT_PIKEMAN'	);

--------------------------------------------------------------
INSERT INTO Modifiers (ModifierId, ModifierType, SubjectRequirementSetId)
VALUES (
	'ADVENTURERS_GUILD_GOLD_BONUS',
	'MODIFIER_PLAYER_ADJUST_PLOT_YIELD',
	'PLOT_ADJACENT_TO_ADVENTURERS_GUILD_REQUIREMENTS'
);

INSERT INTO ModifierArguments (ModifierId, Name, Value)
VALUES	('ADVENTURERS_GUILD_GOLD_BONUS',	'YieldType',	'YIELD_GOLD'),
		('ADVENTURERS_GUILD_GOLD_BONUS',	'Amount',		1			);

INSERT INTO RequirementSets (RequirementSetId, RequirementSetType)
VALUES	('PLOT_ADJACENT_TO_ADVENTURERS_GUILD_REQUIREMENTS',	'REQUIREMENTSET_TEST_ALL'	),
		('CITY_HAS_ADVENTURERS_GUILD_REQUIREMENTS',			'REQUIREMENTSET_TEST_ALL'	);

INSERT INTO RequirementSetRequirements (RequirementSetId, RequirementId)
VALUES	('PLOT_ADJACENT_TO_ADVENTURERS_GUILD_REQUIREMENTS',	'REQUIRES_PLOT_ADJACENT_TO_ADVENTURERS_GUILD'	),
		('CITY_HAS_ADVENTURERS_GUILD_REQUIREMENTS',			'REQUIRES_PLOT_HAS_ADVENTURERS_GUILD'			);

INSERT INTO Requirements (RequirementId, RequirementType)
VALUES	('REQUIRES_PLOT_ADJACENT_TO_ADVENTURERS_GUILD',	'REQUIREMENT_PLOT_ADJACENT_IMPROVEMENT_TYPE_MATCHES'),
		('REQUIRES_PLOT_HAS_ADVENTURERS_GUILD',			'REQUIREMENT_PLOT_IMPROVEMENT_TYPE_MATCHES'			);

INSERT INTO RequirementArguments (RequirementId, Name, Value)
VALUES	('REQUIRES_PLOT_ADJACENT_TO_ADVENTURERS_GUILD',	'ImprovementType',	'IMPROVEMENT_ADVENTURERS_GUILD'	),
		('REQUIRES_PLOT_HAS_ADVENTURERS_GUILD',			'ImprovementType',	'IMPROVEMENT_ADVENTURERS_GUILD'	);